{"fonts/Poppins-Bold.ttf":["fonts/Poppins-Bold.ttf"],"fonts/Poppins-Medium.ttf":["fonts/Poppins-Medium.ttf"],"fonts/Poppins-Regular.ttf":["fonts/Poppins-Regular.ttf"],"images/.DS_Store":["images/.DS_Store"],"images/BTC_icon.png":["images/BTC_icon.png"],"images/Close.png":["images/Close.png"],"images/Dis.png":["images/Dis.png"],"images/Github.png":["images/Github.png"],"images/Star.png":["images/Star.png"],"images/Tel.png":["images/Tel.png"],"images/X.png":["images/X.png"],"images/about.png":["images/about.png"],"images/add.png":["images/add.png"],"images/arrow_3.png":["images/arrow_3.png"],"images/balance_bg.png":["images/balance_bg.png"],"images/copy.png":["images/copy.png"],"images/down.png":["images/down.png"],"images/ellipse.png":["images/ellipse.png"],"images/export.png":["images/export.png"],"images/fiamma-icon.png":["images/fiamma-icon.png"],"images/init_bg.png":["images/init_bg.png"],"images/logo_main.png":["images/logo_main.png"],"images/new_2.png":["images/new_2.png"],"images/new_3.png":["images/new_3.png"],"images/new_5.png":["images/new_5.png"],"images/new_bg.png":["images/new_bg.png"],"images/paste_icon.png":["images/paste_icon.png"],"images/pending_icon.png":["images/pending_icon.png"],"images/qr_non.png":["images/qr_non.png"],"images/reduction.png":["images/reduction.png"],"images/resume.png":["images/resume.png"],"images/right.png":["images/right.png"],"images/secret.png":["images/secret.png"],"images/select_file.png":["images/select_file.png"],"images/setting.png":["images/setting.png"],"images/stake_complete.png":["images/stake_complete.png"],"images/start_operator.png":["images/start_operator.png"],"images/status_icon.png":["images/status_icon.png"],"images/status_icon_ok.png":["images/status_icon_ok.png"],"images/up.png":["images/up.png"],"images/wallet_icon.png":["images/wallet_icon.png"],"operator_for_mac/.DS_Store":["operator_for_mac/.DS_Store"],"operator_for_mac/.env":["operator_for_mac/.env"],"operator_for_mac/README.md":["operator_for_mac/README.md"],"operator_for_mac/config/configuration/bitcoin_rpc/dev.yaml":["operator_for_mac/config/configuration/bitcoin_rpc/dev.yaml"],"operator_for_mac/config/configuration/bitcoin_rpc/local.yaml":["operator_for_mac/config/configuration/bitcoin_rpc/local.yaml"],"operator_for_mac/config/configuration/bitcoin_rpc/signet.yaml":["operator_for_mac/config/configuration/bitcoin_rpc/signet.yaml"],"operator_for_mac/config/configuration/bitcoin_rpc/testnet4.yaml":["operator_for_mac/config/configuration/bitcoin_rpc/testnet4.yaml"],"operator_for_mac/config/configuration/health_check/dev.yaml":["operator_for_mac/config/configuration/health_check/dev.yaml"],"operator_for_mac/config/configuration/health_check/local.yaml":["operator_for_mac/config/configuration/health_check/local.yaml"],"operator_for_mac/config/configuration/health_check/signet.yaml":["operator_for_mac/config/configuration/health_check/signet.yaml"],"operator_for_mac/config/configuration/health_check/testnet4.yaml":["operator_for_mac/config/configuration/health_check/testnet4.yaml"],"operator_for_mac/config/configuration/operator/dev.yaml":["operator_for_mac/config/configuration/operator/dev.yaml"],"operator_for_mac/config/configuration/operator/local.yaml":["operator_for_mac/config/configuration/operator/local.yaml"],"operator_for_mac/config/configuration/operator/signet.yaml":["operator_for_mac/config/configuration/operator/signet.yaml"],"operator_for_mac/config/configuration/operator/testnet4.yaml":["operator_for_mac/config/configuration/operator/testnet4.yaml"],"operator_for_mac/dal/.DS_Store":["operator_for_mac/dal/.DS_Store"],"operator_for_mac/dal/.env":["operator_for_mac/dal/.env"],"operator_for_mac/dal/Cargo.toml":["operator_for_mac/dal/Cargo.toml"],"operator_for_mac/dal/ER_diagram.md":["operator_for_mac/dal/ER_diagram.md"],"operator_for_mac/dal/docker-compose.yml":["operator_for_mac/dal/docker-compose.yml"],"operator_for_mac/dal/migrations/20250208064950_init.down.sql":["operator_for_mac/dal/migrations/20250208064950_init.down.sql"],"operator_for_mac/dal/migrations/20250208064950_init.up.sql":["operator_for_mac/dal/migrations/20250208064950_init.up.sql"],"operator_for_mac/dal/migrations/20250325092856_add_operator_nonce.down.sql":["operator_for_mac/dal/migrations/20250325092856_add_operator_nonce.down.sql"],"operator_for_mac/dal/migrations/20250325092856_add_operator_nonce.up.sql":["operator_for_mac/dal/migrations/20250325092856_add_operator_nonce.up.sql"],"operator_for_mac/dal/migrations/20250326093301_add_operator_winternitz.down.sql":["operator_for_mac/dal/migrations/20250326093301_add_operator_winternitz.down.sql"],"operator_for_mac/dal/migrations/20250326093301_add_operator_winternitz.up.sql":["operator_for_mac/dal/migrations/20250326093301_add_operator_winternitz.up.sql"],"operator_for_mac/dal/migrations/20250401093810_add_pegin_task_wt_key.down.sql":["operator_for_mac/dal/migrations/20250401093810_add_pegin_task_wt_key.down.sql"],"operator_for_mac/dal/migrations/20250401093810_add_pegin_task_wt_key.up.sql":["operator_for_mac/dal/migrations/20250401093810_add_pegin_task_wt_key.up.sql"],"operator_for_mac/dal/migrations/20250415063015_add_operator_stake_unstake_tx.down.sql":["operator_for_mac/dal/migrations/20250415063015_add_operator_stake_unstake_tx.down.sql"],"operator_for_mac/dal/migrations/20250415063015_add_operator_stake_unstake_tx.up.sql":["operator_for_mac/dal/migrations/20250415063015_add_operator_stake_unstake_tx.up.sql"],"operator_for_mac/dal/migrations/20250508084714_add_presign_tx_feerate.down.sql":["operator_for_mac/dal/migrations/20250508084714_add_presign_tx_feerate.down.sql"],"operator_for_mac/dal/migrations/20250508084714_add_presign_tx_feerate.up.sql":["operator_for_mac/dal/migrations/20250508084714_add_presign_tx_feerate.up.sql"],"operator_for_mac/dal/migrations/20250529003604_add_operator_pegout_fee_info.down.sql":["operator_for_mac/dal/migrations/20250529003604_add_operator_pegout_fee_info.down.sql"],"operator_for_mac/dal/migrations/20250529003604_add_operator_pegout_fee_info.up.sql":["operator_for_mac/dal/migrations/20250529003604_add_operator_pegout_fee_info.up.sql"],"operator_for_mac/dal/scripts/init_main_db.sh":["operator_for_mac/dal/scripts/init_main_db.sh"],"operator_for_mac/dal/scripts/init_main_db_colima.sh":["operator_for_mac/dal/scripts/init_main_db_colima.sh"],"operator_for_mac/dal/scripts/main_pg_hba.conf":["operator_for_mac/dal/scripts/main_pg_hba.conf"],"operator_for_mac/dal/scripts/main_postgresql.conf":["operator_for_mac/dal/scripts/main_postgresql.conf"],"operator_for_mac/dal/scripts/migrations.sh":["operator_for_mac/dal/scripts/migrations.sh"],"operator_for_mac/fiamma-operator":["operator_for_mac/fiamma-operator"],"operator_for_mac/install_dependencies.sh":["operator_for_mac/install_dependencies.sh"],"operator_for_mac/install_docker_mac.sh":["operator_for_mac/install_docker_mac.sh"],"operator_for_mac/redis.sh":["operator_for_mac/redis.sh"],"operator_for_mac/run.sh":["operator_for_mac/run.sh"],"operator_for_mac/run_operator.sh":["operator_for_mac/run_operator.sh"],"operator_for_mac/setup.sh":["operator_for_mac/setup.sh"],"packages/cupertino_icons/assets/CupertinoIcons.ttf":["packages/cupertino_icons/assets/CupertinoIcons.ttf"],"sh/cp_operator.sh":["sh/cp_operator.sh"],"sh/migrate_db.sh":["sh/migrate_db.sh"],"sh/open_docker.sh":["sh/open_docker.sh"],"sh/run_operator.sh":["sh/run_operator.sh"],"sh/start_redis.sh":["sh/start_redis.sh"]}